"theta","distance","weight"
5.23137163836509,0.0306560369433084,0.005
6.86203077901155,1.80285052478953,0.005
7.21908674109727,2.08993225798142,0.005
5.11536341160536,0.00660026256369406,0.005
4.88141901325434,0.00520725426040247,0.005
4.88141901325434,0.00520725426040247,0.005
4.88141901325434,0.00520725426040247,0.005
4.88141901325434,0.00520725426040247,0.005
5.11536341160536,0.00660026256369406,0.005
5.11536341160536,0.00660026256369406,0.005
5.11536341160536,0.00660026256369406,0.005
4.88141901325434,0.00520725426040247,0.005
5.11536341160536,0.00660026256369406,0.005
4.88141901325434,0.00520725426040247,0.005
5.11536341160536,0.00660026256369406,0.005
5.31693105120212,0.228611987628218,0.005
7.13797690346837,2.07816954668209,0.005
4.88141901325434,0.00520725426040247,0.005
5.31693105120212,0.228611987628218,0.005
4.88141901325434,0.00520725426040247,0.005
5.23137163836509,0.0306560369433084,0.005
5.11536341160536,0.00660026256369406,0.005
4.82585640158504,0.278621342239856,0.005
5.11536341160536,0.00660026256369406,0.005
4.88141901325434,0.00520725426040247,0.005
6.84239532798529,1.67811076100236,0.005
4.91228793282062,0.177179540840932,0.005
4.88141901325434,0.00520725426040247,0.005
5.82542143762112,0.565150905400451,0.005
6.0070158354938,0.820341908092871,0.005
5.11536341160536,0.00660026256369406,0.005
5.23137163836509,0.0306560369433084,0.005
5.11536341160536,0.00660026256369406,0.005
2.57065695244819,2.47216055402664,0.005
5.2076212503016,0.040545531610757,0.005
5.11536341160536,0.00660026256369406,0.005
5.11536341160536,0.00660026256369406,0.005
4.88141901325434,0.00520725426040247,0.005
5.11536341160536,0.00660026256369406,0.005
4.88141901325434,0.00520725426040247,0.005
5.2076212503016,0.040545531610757,0.005
4.88141901325434,0.00520725426040247,0.005
4.88141901325434,0.00520725426040247,0.005
5.23137163836509,0.0306560369433084,0.005
4.88141901325434,0.00520725426040247,0.005
4.88141901325434,0.00520725426040247,0.005
4.88141901325434,0.00520725426040247,0.005
2.6662299502641,2.35595744357437,0.005
5.3779643215239,0.145849996422863,0.005
5.5724559398368,0.586003394783784,0.005
7.21390400081873,1.98328735573101,0.005
4.88141901325434,0.00520725426040247,0.005
5.23137163836509,0.0306560369433084,0.005
5.11536341160536,0.00660026256369406,0.005
5.16217089723796,0.13086255891039,0.005
4.72961514722556,0.383707128776165,0.005
4.88141901325434,0.00520725426040247,0.005
5.11536341160536,0.00660026256369406,0.005
4.88141901325434,0.00520725426040247,0.005
7.28198075667024,2.2552863191757,0.005
4.88141901325434,0.00520725426040247,0.005
4.88141901325434,0.00520725426040247,0.005
4.88141901325434,0.00520725426040247,0.005
6.07450821436942,0.941536455398692,0.005
5.4756232816726,0.425997063426406,0.005
5.74423286598176,0.651513399721263,0.005
4.88141901325434,0.00520725426040247,0.005
4.88141901325434,0.00520725426040247,0.005
5.11536341160536,0.00660026256369406,0.005
5.51093042362481,0.574114750779345,0.005
4.88141901325434,0.00520725426040247,0.005
6.339425239712,1.21649776766156,0.005
5.11536341160536,0.00660026256369406,0.005
5.23137163836509,0.0306560369433084,0.005
5.11536341160536,0.00660026256369406,0.005
3.92982577905059,1.19486093199014,0.005
5.11536341160536,0.00660026256369406,0.005
5.23137163836509,0.0306560369433084,0.005
4.88141901325434,0.00520725426040247,0.005
5.2076212503016,0.040545531610757,0.005
5.31693105120212,0.228611987628218,0.005
4.88141901325434,0.00520725426040247,0.005
5.11536341160536,0.00660026256369406,0.005
6.04687470477074,0.900676858840987,0.005
4.88141901325434,0.00520725426040247,0.005
5.11536341160536,0.00660026256369406,0.005
7.97887034248561,2.84692597403753,0.005
4.88141901325434,0.00520725426040247,0.005
5.19380186218768,0.125577456980277,0.005
4.88141901325434,0.00520725426040247,0.005
3.01618399098516,2.09484681553737,0.005
4.88141901325434,0.00520725426040247,0.005
4.88141901325434,0.00520725426040247,0.005
4.88141901325434,0.00520725426040247,0.005
5.11536341160536,0.00660026256369406,0.005
5.23137163836509,0.0306560369433084,0.005
5.11536341160536,0.00660026256369406,0.005
4.88141901325434,0.00520725426040247,0.005
5.11536341160536,0.00660026256369406,0.005
5.23137163836509,0.0306560369433084,0.005
5.11536341160536,0.00660026256369406,0.005
5.11536341160536,0.00660026256369406,0.005
4.88141901325434,0.00520725426040247,0.005
5.11536341160536,0.00660026256369406,0.005
4.88141901325434,0.00520725426040247,0.005
5.11536341160536,0.00660026256369406,0.005
6.43719539511949,1.30011013357437,0.005
4.29990978911519,0.713820385813624,0.005
4.88141901325434,0.00520725426040247,0.005
5.11536341160536,0.00660026256369406,0.005
4.88141901325434,0.00520725426040247,0.005
6.06710392516106,0.811786202692494,0.005
4.88141901325434,0.00520725426040247,0.005
5.23137163836509,0.0306560369433084,0.005
4.08446689136326,0.899444818185044,0.005
5.11536341160536,0.00660026256369406,0.005
5.97465903963894,0.80238693445656,0.005
5.2076212503016,0.040545531610757,0.005
4.91228793282062,0.177179540840932,0.005
4.88141901325434,0.00520725426040247,0.005
5.2076212503016,0.040545531610757,0.005
5.11536341160536,0.00660026256369406,0.005
5.11536341160536,0.00660026256369406,0.005
4.88141901325434,0.00520725426040247,0.005
5.58165334165096,0.463054902613889,0.005
3.26143694110215,1.68183904014745,0.005
5.11536341160536,0.00660026256369406,0.005
5.19380186218768,0.125577456980277,0.005
5.11536341160536,0.00660026256369406,0.005
4.88141901325434,0.00520725426040247,0.005
5.11536341160536,0.00660026256369406,0.005
4.88141901325434,0.00520725426040247,0.005
5.11536341160536,0.00660026256369406,0.005
4.88141901325434,0.00520725426040247,0.005
4.88141901325434,0.00520725426040247,0.005
4.88141901325434,0.00520725426040247,0.005
6.08246288727969,0.967292454925778,0.005
4.06592381186783,1.04058865971907,0.005
6.30993549246341,1.30101951889459,0.005
4.88141901325434,0.00520725426040247,0.005
4.88141901325434,0.00520725426040247,0.005
5.3779643215239,0.145849996422863,0.005
5.4756232816726,0.425997063426406,0.005
5.23137163836509,0.0306560369433084,0.005
5.15317538287491,0.139616969376448,0.005
4.88141901325434,0.00520725426040247,0.005
5.23137163836509,0.0306560369433084,0.005
5.23137163836509,0.0306560369433084,0.005
5.3779643215239,0.145849996422863,0.005
4.88141901325434,0.00520725426040247,0.005
5.3779643215239,0.145849996422863,0.005
4.88141901325434,0.00520725426040247,0.005
5.2076212503016,0.040545531610757,0.005
4.60398329887539,0.611529543569104,0.005
5.49728641752154,0.426360254475638,0.005
5.20814114250243,0.148928903590665,0.005
5.23137163836509,0.0306560369433084,0.005
4.88141901325434,0.00520725426040247,0.005
4.23668151255697,0.884153690832554,0.005
5.2076212503016,0.040545531610757,0.005
3.50001166574657,1.61777788915742,0.005
4.88141901325434,0.00520725426040247,0.005
4.91228793282062,0.177179540840932,0.005
5.23137163836509,0.0306560369433084,0.005
4.65995303355157,0.307193971595305,0.005
4.43242955487221,0.585010137155095,0.005
5.11536341160536,0.00660026256369406,0.005
4.88141901325434,0.00520725426040247,0.005
8.0500000808388,2.93632346867466,0.005
5.2076212503016,0.040545531610757,0.005
5.11536341160536,0.00660026256369406,0.005
5.11536341160536,0.00660026256369406,0.005
5.66923197824508,0.534432223427484,0.005
5.11536341160536,0.00660026256369406,0.005
5.23137163836509,0.0306560369433084,0.005
7.75360164232552,2.61040869760184,0.005
4.88141901325434,0.00520725426040247,0.005
5.11536341160536,0.00660026256369406,0.005
4.88446770235896,0.0738540347681935,0.005
5.58535334188491,0.420758441661078,0.005
5.11536341160536,0.00660026256369406,0.005
5.3779643215239,0.145849996422863,0.005
4.88141901325434,0.00520725426040247,0.005
5.11536341160536,0.00660026256369406,0.005
5.23137163836509,0.0306560369433084,0.005
4.88141901325434,0.00520725426040247,0.005
5.2076212503016,0.040545531610757,0.005
5.11536341160536,0.00660026256369406,0.005
4.88141901325434,0.00520725426040247,0.005
4.88141901325434,0.00520725426040247,0.005
5.11536341160536,0.00660026256369406,0.005
4.88141901325434,0.00520725426040247,0.005
5.11536341160536,0.00660026256369406,0.005
5.16217089723796,0.13086255891039,0.005
4.91228793282062,0.177179540840932,0.005
5.11536341160536,0.00660026256369406,0.005
5.23137163836509,0.0306560369433084,0.005
5.11536341160536,0.00660026256369406,0.005
4.72961514722556,0.383707128776165,0.005
4.88141901325434,0.00520725426040247,0.005
5.19493491854519,0.000246247151892476,0.005
5.19493491854519,0.000246247151892476,0.005
5.19493491854519,0.000246247151892476,0.005
5.19493491854519,0.000246247151892476,0.005
5.19493491854519,0.000246247151892476,0.005
5.19493491854519,0.000246247151892476,0.005
5.19493491854519,0.000246247151892476,0.005
5.19493491854519,0.000246247151892476,0.005
5.19493491854519,0.000246247151892476,0.005
5.19493491854519,0.000246247151892476,0.005
5.19493491854519,0.000246247151892476,0.005
5.19493491854519,0.000246247151892476,0.005
5.19493491854519,0.000246247151892476,0.005
5.19493491854519,0.000246247151892476,0.005
4.49420877732337,0.519852075104735,0.005
5.19493491854519,0.000246247151892476,0.005
5.19493491854519,0.000246247151892476,0.005
5.19493491854519,0.000246247151892476,0.005
5.19493491854519,0.000246247151892476,0.005
5.19493491854519,0.000246247151892476,0.005
5.19493491854519,0.000246247151892476,0.005
5.19493491854519,0.000246247151892476,0.005
5.19493491854519,0.000246247151892476,0.005
5.19493491854519,0.000246247151892476,0.005
5.19493491854519,0.000246247151892476,0.005
5.19493491854519,0.000246247151892476,0.005
5.16743974760175,0.00782999260280981,0.005
5.19493491854519,0.000246247151892476,0.005
5.19493491854519,0.000246247151892476,0.005
5.46964226290584,0.315712132734972,0.005
5.19493491854519,0.000246247151892476,0.005
5.16743974760175,0.00782999260280981,0.005
5.19493491854519,0.000246247151892476,0.005
5.19493491854519,0.000246247151892476,0.005
4.19281150680035,0.934567295971984,0.005
5.19493491854519,0.000246247151892476,0.005
4.99196322634816,0.0705538423527718,0.005
4.99196322634816,0.0705538423527718,0.005
5.19493491854519,0.000246247151892476,0.005
5.88407265022397,0.819290081879302,0.005
5.19493491854519,0.000246247151892476,0.005
5.19493491854519,0.000246247151892476,0.005
5.16743974760175,0.00782999260280981,0.005
5.16743974760175,0.00782999260280981,0.005
5.19493491854519,0.000246247151892476,0.005
5.19493491854519,0.000246247151892476,0.005
5.19493491854519,0.000246247151892476,0.005
5.19493491854519,0.000246247151892476,0.005
5.19493491854519,0.000246247151892476,0.005
5.19493491854519,0.000246247151892476,0.005
5.19493491854519,0.000246247151892476,0.005
5.19493491854519,0.000246247151892476,0.005
5.19493491854519,0.000246247151892476,0.005
5.19493491854519,0.000246247151892476,0.005
5.16743974760175,0.00782999260280981,0.005
5.19493491854519,0.000246247151892476,0.005
5.19493491854519,0.000246247151892476,0.005
5.19493491854519,0.000246247151892476,0.005
5.16743974760175,0.00782999260280981,0.005
5.19493491854519,0.000246247151892476,0.005
5.19493491854519,0.000246247151892476,0.005
5.19493491854519,0.000246247151892476,0.005
5.19493491854519,0.000246247151892476,0.005
5.19493491854519,0.000246247151892476,0.005
5.19493491854519,0.000246247151892476,0.005
5.19493491854519,0.000246247151892476,0.005
5.19493491854519,0.000246247151892476,0.005
5.65289795398712,0.601966598305501,0.005
5.19493491854519,0.000246247151892476,0.005
5.19493491854519,0.000246247151892476,0.005
5.19493491854519,0.000246247151892476,0.005
5.19493491854519,0.000246247151892476,0.005
5.19493491854519,0.000246247151892476,0.005
5.19493491854519,0.000246247151892476,0.005
5.19493491854519,0.000246247151892476,0.005
5.19493491854519,0.000246247151892476,0.005
5.19493491854519,0.000246247151892476,0.005
5.19493491854519,0.000246247151892476,0.005
5.19493491854519,0.000246247151892476,0.005
5.19493491854519,0.000246247151892476,0.005
5.19493491854519,0.000246247151892476,0.005
5.19493491854519,0.000246247151892476,0.005
5.19493491854519,0.000246247151892476,0.005
5.19493491854519,0.000246247151892476,0.005
5.19493491854519,0.000246247151892476,0.005
5.19493491854519,0.000246247151892476,0.005
4.49420877732337,0.519852075104735,0.005
5.19493491854519,0.000246247151892476,0.005
5.19493491854519,0.000246247151892476,0.005
5.19493491854519,0.000246247151892476,0.005
5.19493491854519,0.000246247151892476,0.005
5.19493491854519,0.000246247151892476,0.005
5.19493491854519,0.000246247151892476,0.005
5.19493491854519,0.000246247151892476,0.005
5.19493491854519,0.000246247151892476,0.005
5.19493491854519,0.000246247151892476,0.005
5.19493491854519,0.000246247151892476,0.005
5.19493491854519,0.000246247151892476,0.005
5.19493491854519,0.000246247151892476,0.005
5.19493491854519,0.000246247151892476,0.005
5.19493491854519,0.000246247151892476,0.005
5.19493491854519,0.000246247151892476,0.005
5.19493491854519,0.000246247151892476,0.005
5.19493491854519,0.000246247151892476,0.005
5.19493491854519,0.000246247151892476,0.005
5.19493491854519,0.000246247151892476,0.005
5.19493491854519,0.000246247151892476,0.005
5.19493491854519,0.000246247151892476,0.005
5.19493491854519,0.000246247151892476,0.005
7.3943251837045,2.20420354432361,0.005
5.19493491854519,0.000246247151892476,0.005
5.19493491854519,0.000246247151892476,0.005
5.19493491854519,0.000246247151892476,0.005
5.19493491854519,0.000246247151892476,0.005
5.19493491854519,0.000246247151892476,0.005
5.19493491854519,0.000246247151892476,0.005
5.19493491854519,0.000246247151892476,0.005
5.19493491854519,0.000246247151892476,0.005
5.19493491854519,0.000246247151892476,0.005
5.19493491854519,0.000246247151892476,0.005
5.19493491854519,0.000246247151892476,0.005
5.19493491854519,0.000246247151892476,0.005
5.19493491854519,0.000246247151892476,0.005
5.19493491854519,0.000246247151892476,0.005
5.19493491854519,0.000246247151892476,0.005
5.30612432397902,0.142130731413967,0.005
5.04132139030844,0.181381911211515,0.005
5.19493491854519,0.000246247151892476,0.005
5.19493491854519,0.000246247151892476,0.005
5.19493491854519,0.000246247151892476,0.005
5.19493491854519,0.000246247151892476,0.005
5.19493491854519,0.000246247151892476,0.005
5.19493491854519,0.000246247151892476,0.005
5.19493491854519,0.000246247151892476,0.005
5.19493491854519,0.000246247151892476,0.005
5.19493491854519,0.000246247151892476,0.005
5.15178551431745,0.113157604594051,0.005
5.19493491854519,0.000246247151892476,0.005
5.19493491854519,0.000246247151892476,0.005
5.19493491854519,0.000246247151892476,0.005
5.19493491854519,0.000246247151892476,0.005
5.19493491854519,0.000246247151892476,0.005
5.24546055588871,0.142722693308149,0.005
5.19493491854519,0.000246247151892476,0.005
5.19493491854519,0.000246247151892476,0.005
5.19493491854519,0.000246247151892476,0.005
5.19493491854519,0.000246247151892476,0.005
5.19493491854519,0.000246247151892476,0.005
5.19493491854519,0.000246247151892476,0.005
5.19493491854519,0.000246247151892476,0.005
5.19493491854519,0.000246247151892476,0.005
5.19493491854519,0.000246247151892476,0.005
5.19493491854519,0.000246247151892476,0.005
5.19493491854519,0.000246247151892476,0.005
5.19493491854519,0.000246247151892476,0.005
5.19493491854519,0.000246247151892476,0.005
5.19493491854519,0.000246247151892476,0.005
5.19493491854519,0.000246247151892476,0.005
5.19493491854519,0.000246247151892476,0.005
5.19493491854519,0.000246247151892476,0.005
5.19493491854519,0.000246247151892476,0.005
5.19493491854519,0.000246247151892476,0.005
5.19493491854519,0.000246247151892476,0.005
5.19493491854519,0.000246247151892476,0.005
5.19493491854519,0.000246247151892476,0.005
5.19493491854519,0.000246247151892476,0.005
5.19493491854519,0.000246247151892476,0.005
5.19493491854519,0.000246247151892476,0.005
5.19493491854519,0.000246247151892476,0.005
5.19493491854519,0.000246247151892476,0.005
5.19493491854519,0.000246247151892476,0.005
5.19493491854519,0.000246247151892476,0.005
5.19493491854519,0.000246247151892476,0.005
5.19493491854519,0.000246247151892476,0.005
4.50161963701248,0.518053725215056,0.005
5.19493491854519,0.000246247151892476,0.005
5.19493491854519,0.000246247151892476,0.005
4.82659148517996,0.276784249824809,0.005
5.19493491854519,0.000246247151892476,0.005
5.19493491854519,0.000246247151892476,0.005
5.19493491854519,0.000246247151892476,0.005
5.19493491854519,0.000246247151892476,0.005
5.16523476690054,0.0166454444660911,0.005
5.19493491854519,0.000246247151892476,0.005
5.19493491854519,0.000246247151892476,0.005
5.19493491854519,0.000246247151892476,0.005
5.19493491854519,0.000246247151892476,0.005
5.19493491854519,0.000246247151892476,0.005
5.19493491854519,0.000246247151892476,0.005
5.19493491854519,0.000246247151892476,0.005
5.19493491854519,0.000246247151892476,0.005
5.19493491854519,0.000246247151892476,0.005
5.19493491854519,0.000246247151892476,0.005
5.19493491854519,0.000246247151892476,0.005
5.19493491854519,0.000246247151892476,0.005
5.19493491854519,0.000246247151892476,0.005
5.19493491854519,0.000246247151892476,0.005
5.19493491854519,0.000246247151892476,0.005
5.19493491854519,0.000246247151892476,0.005
5.19493491854519,0.000246247151892476,0.005
5.07803288754076,0.0269020228376124,0.005
4.98029232490808,0.198180269542481,0.005
5.19098250661045,0.00950650937032638,0.005
5.08000573609024,0.0292484551821586,0.005
5.13869715854526,0.0499212020715953,0.005
5.13959006872028,0.112346819464759,0.005
5.07803288754076,0.0269020228376124,0.005
5.63088337425143,0.528955916705181,0.005
5.19098250661045,0.00950650937032638,0.005
5.63262704294175,0.438541642990039,0.005
5.19098250661045,0.00950650937032638,0.005
3.72767775319517,1.47564402704732,0.005
5.19098250661045,0.00950650937032638,0.005
5.07803288754076,0.0269020228376124,0.005
5.08000573609024,0.0292484551821586,0.005
4.47638042271137,0.788770023235904,0.005
5.07803288754076,0.0269020228376124,0.005
6.09910624101758,1.08291129853021,0.005
3.8677617488429,1.22792966321106,0.005
5.19800959154963,0.0705335660264872,0.005
5.07803288754076,0.0269020228376124,0.005
5.07803288754076,0.0269020228376124,0.005
4.90088508930057,0.0674771813970345,0.005
4.90088508930057,0.0674771813970345,0.005
5.80800953321159,0.555842036903977,0.005
5.07803288754076,0.0269020228376124,0.005
4.31691620964557,0.700920853653464,0.005
4.62512215133756,0.466989100007946,0.005
5.10678651742637,0.0315888780051132,0.005
5.19098250661045,0.00950650937032638,0.005
5.19098250661045,0.00950650937032638,0.005
5.19098250661045,0.00950650937032638,0.005
5.03531410824507,0.0642533486656758,0.005
6.15528454072773,0.922396938430271,0.005
5.87750390172005,0.790576383599101,0.005
3.92254922538996,1.20172671413881,0.005
4.12166439928114,0.924397586633379,0.005
5.10678651742637,0.0315888780051132,0.005
5.21988816093653,0.219945898048862,0.005
5.27835932094604,0.151731472868579,0.005
5.15538037288934,0.0872977449506926,0.005
5.19098250661045,0.00950650937032638,0.005
5.10678651742637,0.0315888780051132,0.005
6.37791114393622,1.15603889980816,0.005
5.03531410824507,0.0642533486656758,0.005
5.20021092612296,0.0843446717047431,0.005
6.09910624101758,1.08291129853021,0.005
3.92765080556273,1.08616062953013,0.005
5.08000573609024,0.0292484551821586,0.005
5.07803288754076,0.0269020228376124,0.005
5.75098354835063,0.5947223543492,0.005
5.10678651742637,0.0315888780051132,0.005
5.22520717233419,0.19927254713452,0.005
4.35316622722894,0.680719749823805,0.005
5.19098250661045,0.00950650937032638,0.005
5.41704519186169,0.311120622395841,0.005
5.0080523872748,0.0324942467892066,0.005
6.30361524876207,1.26416557460513,0.005
4.05872060917318,1.04419676164491,0.005
5.08000573609024,0.0292484551821586,0.005
4.858214170672,0.352802648167938,0.005
5.0781591841951,0.089949557415328,0.005
6.54510997235775,1.42346797483458,0.005
6.03498324751854,1.16773392249067,0.005
4.95122157037258,0.122944225301691,0.005
5.19098250661045,0.00950650937032638,0.005
5.37122109904885,0.262209736417381,0.005
5.19098250661045,0.00950650937032638,0.005
5.80611245241016,0.538762980448336,0.005
5.10678651742637,0.0315888780051132,0.005
5.27835932094604,0.151731472868579,0.005
4.90088508930057,0.0674771813970345,0.005
5.0080523872748,0.0324942467892066,0.005
5.19098250661045,0.00950650937032638,0.005
4.858214170672,0.352802648167938,0.005
5.08000573609024,0.0292484551821586,0.005
5.3531721001491,0.179161997108714,0.005
4.95122157037258,0.122944225301691,0.005
6.37976925820112,1.37373728178744,0.005
4.35715050902218,0.97361133348069,0.005
4.21636065933853,0.76451457057073,0.005
6.01910406257957,0.997066148572577,0.005
6.43601338844746,1.20963087217545,0.005
5.19098250661045,0.00950650937032638,0.005
5.07803288754076,0.0269020228376124,0.005
5.19098250661045,0.00950650937032638,0.005
4.92138282395899,0.18228643536694,0.005
4.69320294447243,0.419271278803581,0.005
5.61884675640613,0.515534933047411,0.005
4.31691620964557,0.700920853653464,0.005
5.75098354835063,0.5947223543492,0.005
5.13959006872028,0.112346819464759,0.005
5.0080523872748,0.0324942467892066,0.005
5.13869715854526,0.0499212020715953,0.005
5.0080523872748,0.0324942467892066,0.005
5.20021092612296,0.0843446717047431,0.005
5.19098250661045,0.00950650937032638,0.005
5.76577102765441,0.646779048468367,0.005
4.90088508930057,0.0674771813970345,0.005
5.19098250661045,0.00950650937032638,0.005
5.65926294308156,0.727089507295461,0.005
5.01682250294834,0.106873701112185,0.005
5.19098250661045,0.00950650937032638,0.005
5.19098250661045,0.00950650937032638,0.005
5.19098250661045,0.00950650937032638,0.005
4.90088508930057,0.0674771813970345,0.005
5.20021092612296,0.0843446717047431,0.005
5.19098250661045,0.00950650937032638,0.005
5.03531410824507,0.0642533486656758,0.005
4.31691620964557,0.700920853653464,0.005
5.03531410824507,0.0642533486656758,0.005
4.92138282395899,0.18228643536694,0.005
5.67461179569364,0.617485853206992,0.005
5.19098250661045,0.00950650937032638,0.005
5.07803288754076,0.0269020228376124,0.005
5.19098250661045,0.00950650937032638,0.005
5.41596471332014,0.272095463449703,0.005
5.15538037288934,0.0872977449506926,0.005
4.16702636983246,0.853387196873582,0.005
5.08000573609024,0.0292484551821586,0.005
5.07803288754076,0.0269020228376124,0.005
5.07803288754076,0.0269020228376124,0.005
5.19098250661045,0.00950650937032638,0.005
5.13869715854526,0.0499212020715953,0.005
5.13869715854526,0.0499212020715953,0.005
5.19098250661045,0.00950650937032638,0.005
5.13959006872028,0.112346819464759,0.005
4.07170563004911,1.0202902260118,0.005
6.11593144014478,1.11135947550693,0.005
5.19098250661045,0.00950650937032638,0.005
5.19098250661045,0.00950650937032638,0.005
5.27835932094604,0.151731472868579,0.005
5.19098250661045,0.00950650937032638,0.005
5.0080523872748,0.0324942467892066,0.005
5.10678651742637,0.0315888780051132,0.005
5.0080523872748,0.0324942467892066,0.005
4.50525870546699,0.695129697394544,0.005
4.44285085424781,0.592006363658422,0.005
5.07803288754076,0.0269020228376124,0.005
4.16986107360572,0.945580398937366,0.005
5.19098250661045,0.00950650937032638,0.005
5.19098250661045,0.00950650937032638,0.005
4.90088508930057,0.0674771813970345,0.005
4.97133452445269,0.253618166134104,0.005
5.37122109904885,0.262209736417381,0.005
5.19098250661045,0.00950650937032638,0.005
5.07803288754076,0.0269020228376124,0.005
5.19098250661045,0.00950650937032638,0.005
4.81493879109621,0.412665960095501,0.005
6.57621846999973,1.4520354255655,0.005
5.08000573609024,0.0292484551821586,0.005
5.22520717233419,0.19927254713452,0.005
5.08000573609024,0.0292484551821586,0.005
5.57949230540544,0.379465810649208,0.005
5.0080523872748,0.0324942467892066,0.005
5.19098250661045,0.00950650937032638,0.005
5.10678651742637,0.0315888780051132,0.005
5.19098250661045,0.00950650937032638,0.005
6.2641305429861,1.25583822423816,0.005
5.0781591841951,0.089949557415328,0.005
5.00033000018448,0.227904857091881,0.005
6.53882114682347,1.32932652707866,0.005
5.27835932094604,0.151731472868579,0.005
5.76577102765441,0.646779048468367,0.005
4.93985449429601,0.158468912518526,0.005
4.21915050595999,0.899784010355385,0.005
4.93985449429601,0.158468912518526,0.005
5.87750390172005,0.790576383599101,0.005
5.08000573609024,0.0292484551821586,0.005
5.10678651742637,0.0315888780051132,0.005
5.53956356830895,0.576680109488249,0.005
5.08000573609024,0.0292484551821586,0.005
5.0080523872748,0.0324942467892066,0.005
5.13869715854526,0.0499212020715953,0.005
5.08000573609024,0.0292484551821586,0.005
5.08000573609024,0.0292484551821586,0.005
5.19098250661045,0.00950650937032638,0.005
3.99786825757474,1.06344974746692,0.005
5.07803288754076,0.0269020228376124,0.005
4.11534345243126,0.776371432800405,0.005
4.41547365859151,0.491576008633352,0.005
5.08000573609024,0.0292484551821586,0.005
5.41596471332014,0.272095463449703,0.005
5.19098250661045,0.00950650937032638,0.005
5.19098250661045,0.00950650937032638,0.005
4.92138282395899,0.18228643536694,0.005
3.63550790585577,1.36592027245408,0.005
5.0080523872748,0.0324942467892066,0.005
5.0080523872748,0.0324942467892066,0.005
5.08000573609024,0.0292484551821586,0.005
5.19098250661045,0.00950650937032638,0.005
5.07803288754076,0.0269020228376124,0.005
5.19800959154963,0.0705335660264872,0.005
4.90088508930057,0.0674771813970345,0.005
5.19098250661045,0.00950650937032638,0.005
4.90088508930057,0.0674771813970345,0.005
4.3961207382381,0.682062672091404,0.005
4.97133452445269,0.253618166134104,0.005
5.19098250661045,0.00950650937032638,0.005
5.22520717233419,0.19927254713452,0.005
5.20238351542503,0.00032778098750974,0.005
5.26327537372708,0.00506053328171419,0.005
5.20238351542503,0.00032778098750974,0.005
5.20238351542503,0.00032778098750974,0.005
5.26290297042578,0.00149769977465919,0.005
4.65925998054445,0.495064363330401,0.005
5.20238351542503,0.00032778098750974,0.005
5.08455095812678,0.0308130693483015,0.005
5.37759589962661,0.143740080093862,0.005
5.20238351542503,0.00032778098750974,0.005
5.20238351542503,0.00032778098750974,0.005
5.20238351542503,0.00032778098750974,0.005
5.09660215117037,0.0379823680981044,0.005
5.26290297042578,0.00149769977465919,0.005
5.20238351542503,0.00032778098750974,0.005
5.26290297042578,0.00149769977465919,0.005
5.64144301228225,0.539735511473389,0.005
5.20238351542503,0.00032778098750974,0.005
5.20238351542503,0.00032778098750974,0.005
5.12499891221523,0.00829618350273709,0.005
5.26290297042578,0.00149769977465919,0.005
5.20238351542503,0.00032778098750974,0.005
5.20238351542503,0.00032778098750974,0.005
5.20238351542503,0.00032778098750974,0.005
5.26290297042578,0.00149769977465919,0.005
5.20238351542503,0.00032778098750974,0.005
5.20238351542503,0.00032778098750974,0.005
5.26290297042578,0.00149769977465919,0.005
5.20238351542503,0.00032778098750974,0.005
5.20238351542503,0.00032778098750974,0.005
5.19957592710853,0.0207512748843541,0.005
5.26290297042578,0.00149769977465919,0.005
4.99571983702481,0.191740560605367,0.005
5.20238351542503,0.00032778098750974,0.005
5.12499891221523,0.00829618350273709,0.005
5.26327537372708,0.00506053328171419,0.005
5.20238351542503,0.00032778098750974,0.005
5.20238351542503,0.00032778098750974,0.005
5.16058259177953,0.00232844911696617,0.005
5.20238351542503,0.00032778098750974,0.005
5.20238351542503,0.00032778098750974,0.005
5.16058259177953,0.00232844911696617,0.005
5.16058259177953,0.00232844911696617,0.005
5.20238351542503,0.00032778098750974,0.005
5.20238351542503,0.00032778098750974,0.005
5.20238351542503,0.00032778098750974,0.005
5.20238351542503,0.00032778098750974,0.005
4.22457868233323,0.780624534354359,0.005
5.20238351542503,0.00032778098750974,0.005
5.26327537372708,0.00506053328171419,0.005
5.20238351542503,0.00032778098750974,0.005
5.20238351542503,0.00032778098750974,0.005
5.26290297042578,0.00149769977465919,0.005
5.20238351542503,0.00032778098750974,0.005
5.20238351542503,0.00032778098750974,0.005
5.20238351542503,0.00032778098750974,0.005
5.34663198515773,0.20780046887683,0.005
5.16058259177953,0.00232844911696617,0.005
5.26290297042578,0.00149769977465919,0.005
5.20238351542503,0.00032778098750974,0.005
5.20238351542503,0.00032778098750974,0.005
5.20238351542503,0.00032778098750974,0.005
4.56906015984714,0.631977783132877,0.005
5.20238351542503,0.00032778098750974,0.005
5.16058259177953,0.00232844911696617,0.005
5.20238351542503,0.00032778098750974,0.005
5.08455095812678,0.0308130693483015,0.005
5.20238351542503,0.00032778098750974,0.005
5.20238351542503,0.00032778098750974,0.005
5.20238351542503,0.00032778098750974,0.005
5.20238351542503,0.00032778098750974,0.005
5.41521077044308,0.333738210156048,0.005
5.20238351542503,0.00032778098750974,0.005
5.26290297042578,0.00149769977465919,0.005
5.20238351542503,0.00032778098750974,0.005
5.08984659798443,0.0616542858731455,0.005
5.26290297042578,0.00149769977465919,0.005
5.20238351542503,0.00032778098750974,0.005
5.16058259177953,0.00232844911696617,0.005
5.16058259177953,0.00232844911696617,0.005
5.20238351542503,0.00032778098750974,0.005
5.26290297042578,0.00149769977465919,0.005
5.20238351542503,0.00032778098750974,0.005
5.20238351542503,0.00032778098750974,0.005
5.20238351542503,0.00032778098750974,0.005
5.26290297042578,0.00149769977465919,0.005
5.12499891221523,0.00829618350273709,0.005
5.20238351542503,0.00032778098750974,0.005
5.20238351542503,0.00032778098750974,0.005
5.20238351542503,0.00032778098750974,0.005
5.26290297042578,0.00149769977465919,0.005
5.20238351542503,0.00032778098750974,0.005
5.20238351542503,0.00032778098750974,0.005
5.20238351542503,0.00032778098750974,0.005
5.20238351542503,0.00032778098750974,0.005
5.20238351542503,0.00032778098750974,0.005
5.20238351542503,0.00032778098750974,0.005
5.16058259177953,0.00232844911696617,0.005
5.20238351542503,0.00032778098750974,0.005
4.98406318947673,0.0845897945221585,0.005
5.20238351542503,0.00032778098750974,0.005
5.2072976808995,0.0553965203168101,0.005
5.20238351542503,0.00032778098750974,0.005
5.16058259177953,0.00232844911696617,0.005
5.26327537372708,0.00506053328171419,0.005
5.20238351542503,0.00032778098750974,0.005
5.16058259177953,0.00232844911696617,0.005
5.26663662865758,0.160266490814379,0.005
5.20238351542503,0.00032778098750974,0.005
5.55223172064871,0.321634621415424,0.005
5.20238351542503,0.00032778098750974,0.005
4.9656650563702,0.0630043625515713,0.005
5.20238351542503,0.00032778098750974,0.005
5.20238351542503,0.00032778098750974,0.005
5.20238351542503,0.00032778098750974,0.005
5.12499891221523,0.00829618350273709,0.005
5.20238351542503,0.00032778098750974,0.005
5.06132382433861,0.0120414276206589,0.005
5.20238351542503,0.00032778098750974,0.005
5.20238351542503,0.00032778098750974,0.005
4.60504897404462,0.37803728866313,0.005
5.20238351542503,0.00032778098750974,0.005
5.20238351542503,0.00032778098750974,0.005
5.20238351542503,0.00032778098750974,0.005
5.12499891221523,0.00829618350273709,0.005
5.20238351542503,0.00032778098750974,0.005
5.20238351542503,0.00032778098750974,0.005
5.20238351542503,0.00032778098750974,0.005
5.20238351542503,0.00032778098750974,0.005
5.20238351542503,0.00032778098750974,0.005
5.20238351542503,0.00032778098750974,0.005
5.26290297042578,0.00149769977465919,0.005
4.85731212887913,0.123511129051587,0.005
5.20238351542503,0.00032778098750974,0.005
5.20238351542503,0.00032778098750974,0.005
5.20238351542503,0.00032778098750974,0.005
5.20238351542503,0.00032778098750974,0.005
5.26327537372708,0.00506053328171419,0.005
5.20238351542503,0.00032778098750974,0.005
5.26327537372708,0.00506053328171419,0.005
5.26290297042578,0.00149769977465919,0.005
5.20238351542503,0.00032778098750974,0.005
5.20238351542503,0.00032778098750974,0.005
5.06132382433861,0.0120414276206589,0.005
5.20238351542503,0.00032778098750974,0.005
5.20238351542503,0.00032778098750974,0.005
5.20238351542503,0.00032778098750974,0.005
5.20238351542503,0.00032778098750974,0.005
5.20238351542503,0.00032778098750974,0.005
5.26290297042578,0.00149769977465919,0.005
5.26290297042578,0.00149769977465919,0.005
5.20238351542503,0.00032778098750974,0.005
5.20238351542503,0.00032778098750974,0.005
4.98406318947673,0.0845897945221585,0.005
5.20238351542503,0.00032778098750974,0.005
5.20238351542503,0.00032778098750974,0.005
5.20238351542503,0.00032778098750974,0.005
5.41521077044308,0.333738210156048,0.005
5.20238351542503,0.00032778098750974,0.005
5.20238351542503,0.00032778098750974,0.005
5.20238351542503,0.00032778098750974,0.005
5.20238351542503,0.00032778098750974,0.005
5.27840237598866,0.223669887486426,0.005
5.20238351542503,0.00032778098750974,0.005
5.26290297042578,0.00149769977465919,0.005
5.26290297042578,0.00149769977465919,0.005
5.20238351542503,0.00032778098750974,0.005
5.20238351542503,0.00032778098750974,0.005
5.20238351542503,0.00032778098750974,0.005
5.16058259177953,0.00232844911696617,0.005
5.20238351542503,0.00032778098750974,0.005
5.20238351542503,0.00032778098750974,0.005
5.26327537372708,0.00506053328171419,0.005
5.26290297042578,0.00149769977465919,0.005
5.26290297042578,0.00149769977465919,0.005
5.20238351542503,0.00032778098750974,0.005
5.12499891221523,0.00829618350273709,0.005
5.26327537372708,0.00506053328171419,0.005
5.20238351542503,0.00032778098750974,0.005
5.12499891221523,0.00829618350273709,0.005
5.16058259177953,0.00232844911696617,0.005
5.0683482317254,0.107122292045613,0.005
5.12499891221523,0.00829618350273709,0.005
5.56646229233593,0.587859081908491,0.005
5.20238351542503,0.00032778098750974,0.005
5.18540517892689,0.0349986001049603,0.005
5.20238351542503,0.00032778098750974,0.005
5.20238351542503,0.00032778098750974,0.005
5.20238351542503,0.00032778098750974,0.005
5.03125466406345,0.0324761023023585,0.005
5.20238351542503,0.00032778098750974,0.005
5.20238351542503,0.00032778098750974,0.005
5.20238351542503,0.00032778098750974,0.005
5.20238351542503,0.00032778098750974,0.005
5.16058259177953,0.00232844911696617,0.005
5.20238351542503,0.00032778098750974,0.005
5.08455095812678,0.0308130693483015,0.005
5.20238351542503,0.00032778098750974,0.005
5.26290297042578,0.00149769977465919,0.005
5.20238351542503,0.00032778098750974,0.005
4.9054103018716,1.10749272952404e-05,0.005
4.9054103018716,1.10749272952404e-05,0.005
4.9054103018716,1.10749272952404e-05,0.005
4.9054103018716,1.10749272952404e-05,0.005
4.9054103018716,1.10749272952404e-05,0.005
4.9054103018716,1.10749272952404e-05,0.005
4.88600839395076,0.000243426012370485,0.005
4.9054103018716,1.10749272952404e-05,0.005
4.9054103018716,1.10749272952404e-05,0.005
5.05136247258633,0.000109863881041505,0.005
4.9054103018716,1.10749272952404e-05,0.005
4.9054103018716,1.10749272952404e-05,0.005
4.9054103018716,1.10749272952404e-05,0.005
4.9054103018716,1.10749272952404e-05,0.005
5.17483682837337,0.000132710546731474,0.005
4.9054103018716,1.10749272952404e-05,0.005
5.17483682837337,0.000132710546731474,0.005
4.9054103018716,1.10749272952404e-05,0.005
5.19345387350768,0.00611806812234406,0.005
4.9054103018716,1.10749272952404e-05,0.005
4.9054103018716,1.10749272952404e-05,0.005
5.09028042200953,0.0781136379145542,0.005
4.9054103018716,1.10749272952404e-05,0.005
5.05136247258633,0.000109863881041505,0.005
4.9054103018716,1.10749272952404e-05,0.005
4.9054103018716,1.10749272952404e-05,0.005
5.19037407357246,0.0214150645715341,0.005
4.9054103018716,1.10749272952404e-05,0.005
4.9054103018716,1.10749272952404e-05,0.005
4.9054103018716,1.10749272952404e-05,0.005
4.9054103018716,1.10749272952404e-05,0.005
4.9054103018716,1.10749272952404e-05,0.005
4.9054103018716,1.10749272952404e-05,0.005
4.88600839395076,0.000243426012370485,0.005
4.9054103018716,1.10749272952404e-05,0.005
4.9054103018716,1.10749272952404e-05,0.005
4.9054103018716,1.10749272952404e-05,0.005
5.1532763754949,0.00339198828308351,0.005
4.9054103018716,1.10749272952404e-05,0.005
4.9054103018716,1.10749272952404e-05,0.005
4.9054103018716,1.10749272952404e-05,0.005
4.9054103018716,1.10749272952404e-05,0.005
5.03279326949269,0.0714509212820174,0.005
4.9054103018716,1.10749272952404e-05,0.005
4.9054103018716,1.10749272952404e-05,0.005
4.9054103018716,1.10749272952404e-05,0.005
5.05916724912822,0.00216939033291297,0.005
4.9054103018716,1.10749272952404e-05,0.005
4.9054103018716,1.10749272952404e-05,0.005
4.9054103018716,1.10749272952404e-05,0.005
5.18388736061752,0.000730573347563102,0.005
4.9054103018716,1.10749272952404e-05,0.005
5.17483682837337,0.000132710546731474,0.005
4.9054103018716,1.10749272952404e-05,0.005
4.9054103018716,1.10749272952404e-05,0.005
4.9054103018716,1.10749272952404e-05,0.005
4.9054103018716,1.10749272952404e-05,0.005
4.9054103018716,1.10749272952404e-05,0.005
5.05136247258633,0.000109863881041505,0.005
4.9054103018716,1.10749272952404e-05,0.005
4.9054103018716,1.10749272952404e-05,0.005
5.17483682837337,0.000132710546731474,0.005
5.07510534953326,0.0142982334269943,0.005
4.9054103018716,1.10749272952404e-05,0.005
4.9054103018716,1.10749272952404e-05,0.005
4.9054103018716,1.10749272952404e-05,0.005
4.9054103018716,1.10749272952404e-05,0.005
4.9054103018716,1.10749272952404e-05,0.005
5.07328844629228,0.00167631520180755,0.005
4.9054103018716,1.10749272952404e-05,0.005
5.18015639856458,0.000794748532210399,0.005
4.9054103018716,1.10749272952404e-05,0.005
5.05136247258633,0.000109863881041505,0.005
4.9054103018716,1.10749272952404e-05,0.005
4.9054103018716,1.10749272952404e-05,0.005
4.9054103018716,1.10749272952404e-05,0.005
4.9054103018716,1.10749272952404e-05,0.005
4.9054103018716,1.10749272952404e-05,0.005
4.88600839395076,0.000243426012370485,0.005
4.9054103018716,1.10749272952404e-05,0.005
4.9054103018716,1.10749272952404e-05,0.005
4.9054103018716,1.10749272952404e-05,0.005
4.9054103018716,1.10749272952404e-05,0.005
4.9054103018716,1.10749272952404e-05,0.005
4.9054103018716,1.10749272952404e-05,0.005
4.9054103018716,1.10749272952404e-05,0.005
4.9054103018716,1.10749272952404e-05,0.005
5.01936717424542,0.050875698176962,0.005
4.9054103018716,1.10749272952404e-05,0.005
4.9054103018716,1.10749272952404e-05,0.005
4.9054103018716,1.10749272952404e-05,0.005
4.9054103018716,1.10749272952404e-05,0.005
4.9054103018716,1.10749272952404e-05,0.005
4.9054103018716,1.10749272952404e-05,0.005
4.9054103018716,1.10749272952404e-05,0.005
4.9054103018716,1.10749272952404e-05,0.005
4.9054103018716,1.10749272952404e-05,0.005
4.9054103018716,1.10749272952404e-05,0.005
4.9054103018716,1.10749272952404e-05,0.005
4.9054103018716,1.10749272952404e-05,0.005
4.9054103018716,1.10749272952404e-05,0.005
5.18015639856458,0.000794748532210399,0.005
4.9054103018716,1.10749272952404e-05,0.005
4.9054103018716,1.10749272952404e-05,0.005
4.9054103018716,1.10749272952404e-05,0.005
4.9054103018716,1.10749272952404e-05,0.005
4.9054103018716,1.10749272952404e-05,0.005
4.9054103018716,1.10749272952404e-05,0.005
4.9054103018716,1.10749272952404e-05,0.005
4.9054103018716,1.10749272952404e-05,0.005
4.9054103018716,1.10749272952404e-05,0.005
4.9054103018716,1.10749272952404e-05,0.005
4.9054103018716,1.10749272952404e-05,0.005
4.9054103018716,1.10749272952404e-05,0.005
4.9054103018716,1.10749272952404e-05,0.005
4.9054103018716,1.10749272952404e-05,0.005
4.9054103018716,1.10749272952404e-05,0.005
4.9054103018716,1.10749272952404e-05,0.005
4.9054103018716,1.10749272952404e-05,0.005
5.06301782093942,0.00220860080734564,0.005
4.9054103018716,1.10749272952404e-05,0.005
4.9054103018716,1.10749272952404e-05,0.005
4.9054103018716,1.10749272952404e-05,0.005
5.14460480306298,0.00138320911383616,0.005
5.05136247258633,0.000109863881041505,0.005
5.18388736061752,0.000730573347563102,0.005
5.17483682837337,0.000132710546731474,0.005
4.9054103018716,1.10749272952404e-05,0.005
4.9054103018716,1.10749272952404e-05,0.005
4.9054103018716,1.10749272952404e-05,0.005
4.9054103018716,1.10749272952404e-05,0.005
4.9054103018716,1.10749272952404e-05,0.005
4.9054103018716,1.10749272952404e-05,0.005
4.9054103018716,1.10749272952404e-05,0.005
4.9054103018716,1.10749272952404e-05,0.005
4.9054103018716,1.10749272952404e-05,0.005
4.9054103018716,1.10749272952404e-05,0.005
4.9054103018716,1.10749272952404e-05,0.005
4.9054103018716,1.10749272952404e-05,0.005
4.9054103018716,1.10749272952404e-05,0.005
4.9054103018716,1.10749272952404e-05,0.005
4.9054103018716,1.10749272952404e-05,0.005
4.9054103018716,1.10749272952404e-05,0.005
5.05136247258633,0.000109863881041505,0.005
4.9054103018716,1.10749272952404e-05,0.005
4.97524215839803,0.0600335537717092,0.005
4.9054103018716,1.10749272952404e-05,0.005
5.09323745965958,0.0325331729523475,0.005
4.9054103018716,1.10749272952404e-05,0.005
4.9054103018716,1.10749272952404e-05,0.005
4.9054103018716,1.10749272952404e-05,0.005
4.9054103018716,1.10749272952404e-05,0.005
4.9054103018716,1.10749272952404e-05,0.005
4.9054103018716,1.10749272952404e-05,0.005
4.9054103018716,1.10749272952404e-05,0.005
4.88600839395076,0.000243426012370485,0.005
4.9054103018716,1.10749272952404e-05,0.005
5.17483682837337,0.000132710546731474,0.005
4.9054103018716,1.10749272952404e-05,0.005
4.9054103018716,1.10749272952404e-05,0.005
4.9054103018716,1.10749272952404e-05,0.005
4.9054103018716,1.10749272952404e-05,0.005
4.9054103018716,1.10749272952404e-05,0.005
4.9054103018716,1.10749272952404e-05,0.005
4.9054103018716,1.10749272952404e-05,0.005
4.9054103018716,1.10749272952404e-05,0.005
4.9054103018716,1.10749272952404e-05,0.005
4.9054103018716,1.10749272952404e-05,0.005
4.9054103018716,1.10749272952404e-05,0.005
5.1532763754949,0.00339198828308351,0.005
4.9054103018716,1.10749272952404e-05,0.005
4.9054103018716,1.10749272952404e-05,0.005
5.17483682837337,0.000132710546731474,0.005
4.9054103018716,1.10749272952404e-05,0.005
4.9054103018716,1.10749272952404e-05,0.005
4.9054103018716,1.10749272952404e-05,0.005
4.9054103018716,1.10749272952404e-05,0.005
4.9054103018716,1.10749272952404e-05,0.005
4.9054103018716,1.10749272952404e-05,0.005
4.9054103018716,1.10749272952404e-05,0.005
4.9054103018716,1.10749272952404e-05,0.005
4.9054103018716,1.10749272952404e-05,0.005
4.9054103018716,1.10749272952404e-05,0.005
4.9054103018716,1.10749272952404e-05,0.005
5.18388736061752,0.000730573347563102,0.005
4.99820328783244,0.026872223128029,0.005
4.9054103018716,1.10749272952404e-05,0.005
4.9054103018716,1.10749272952404e-05,0.005
4.9054103018716,1.10749272952404e-05,0.005
4.9054103018716,1.10749272952404e-05,0.005
4.9054103018716,1.10749272952404e-05,0.005
4.9054103018716,1.10749272952404e-05,0.005
4.9054103018716,1.10749272952404e-05,0.005
4.9054103018716,1.10749272952404e-05,0.005
4.9054103018716,1.10749272952404e-05,0.005
5.11232475750148,0.0161204195217737,0.005
5.01936717424542,0.050875698176962,0.005
4.9054103018716,1.10749272952404e-05,0.005
4.9054103018716,1.10749272952404e-05,0.005
4.9054103018716,1.10749272952404e-05,0.005
